{"cameraMode":{"drawMode":0,"name":"Shaded","section":"Shading Mode"},"sceneLighting":true,"audioPlay":false,"sceneViewState":{"m_AlwaysRefresh":false,"showFog":true,"showSkybox":true,"showFlares":true,"showImageEffects":true,"showParticleSystems":true,"showVisualEffectGraphs":true,"m_FxEnabled":true},"in2DMode":false,"pivot":{"x":76.27786254882813,"y":57.709434509277347,"z":-44.59281921386719},"rotation":{"x":-0.012069512158632279,"y":0.9729843139648438,"z":-0.2245459258556366,"w":-0.052298713475465778},"size":139.63925170898438,"orthographic":false}